R_angstrom,chi,n_seeds,error_min_Ha,error_median_Ha,error_max_Ha,seed_spread_ratio,max_bipartite_entropy_min,max_bipartite_entropy_max,final_discarded_weight_median,walltime_median_s
1,16,3,1.042326e-02,1.211000e-02,1.252343e-02,1.20,0.6372,0.6443,2.340e-03,0.28
1,24,3,6.503635e-03,6.504101e-03,6.504146e-03,1.00,0.7053,0.7053,1.568e-03,0.40
1,32,3,3.643405e-03,3.643436e-03,3.955862e-03,1.09,0.7363,0.7385,1.187e-03,0.54
1,48,3,1.158044e-03,1.158044e-03,1.158044e-03,1.00,0.7794,0.7794,7.994e-04,0.85
1,64,3,3.361520e-04,3.361520e-04,3.361520e-04,1.00,0.8028,0.8028,5.230e-04,1.21
1,96,3,1.071278e-04,1.071278e-04,1.071278e-04,1.00,0.8248,0.8248,1.639e-04,2.16
1,128,3,7.661512e-06,7.661512e-06,7.661512e-06,1.00,0.8327,0.8327,7.037e-05,3.13
1,144,3,2.475832e-06,2.475832e-06,2.475832e-06,1.00,0.8344,0.8344,4.639e-05,3.40
1,160,3,1.026706e-06,1.026706e-06,1.026706e-06,1.00,0.8356,0.8356,3.112e-05,3.63
1,176,3,7.826241e-07,7.826241e-07,7.826241e-07,1.00,0.8364,0.8364,2.080e-05,3.88
1,192,3,7.826241e-07,7.826242e-07,7.826242e-07,1.00,0.8370,0.8370,1.384e-05,4.12
1,256,3,1.418890e-07,1.418890e-07,1.418890e-07,1.00,0.8383,0.8383,2.578e-06,5.20
1,384,3,1.776357e-15,3.019807e-14,8.828493e-13,497.00,0.8387,0.8387,3.960e-08,5.24
1,512,3,1.065814e-14,2.842171e-14,9.059420e-14,8.50,0.8387,0.8387,2.884e-19,4.53
1.4,16,3,6.338855e-02,6.684953e-02,6.685958e-02,1.05,1.1671,1.1795,9.378e-03,0.30
1.4,24,3,4.199625e-02,4.244663e-02,4.265277e-02,1.02,1.3764,1.3841,8.747e-03,0.42
1.4,32,3,2.591229e-02,2.591776e-02,2.594863e-02,1.00,1.5015,1.5022,8.030e-03,0.54
1.4,48,3,1.254009e-02,1.276880e-02,1.302283e-02,1.04,1.6599,1.6626,7.056e-03,1.03
1.4,64,3,6.377069e-03,6.508844e-03,6.587674e-03,1.03,1.7915,1.7923,6.088e-03,1.60
1.4,96,3,1.155262e-03,1.155262e-03,1.225096e-03,1.06,1.9276,1.9276,3.284e-03,2.97
1.4,128,3,2.481169e-04,2.481169e-04,2.481169e-04,1.00,1.9837,1.9837,1.993e-03,4.53
1.4,144,3,1.334656e-04,1.334656e-04,1.334656e-04,1.00,2.0042,2.0042,1.497e-03,5.07
1.4,160,3,6.582015e-05,6.582015e-05,6.582015e-05,1.00,2.0208,2.0208,1.088e-03,5.39
1.4,176,3,2.028599e-05,2.028599e-05,2.028599e-05,1.00,2.0354,2.0354,7.951e-04,9.06
1.4,192,3,3.907985e-14,5.861978e-14,8.171241e-14,2.09,2.0464,2.0464,5.746e-04,5.01
1.4,256,3,1.953993e-14,7.993606e-14,9.237056e-14,4.73,2.0679,2.0682,1.612e-04,7.35
1.4,384,3,8.881784e-15,6.217249e-14,1.918465e-13,21.60,2.0821,2.0821,5.357e-06,7.54
1.4,512,3,2.611245e-13,2.682299e-13,3.783640e-13,1.45,2.0829,2.0829,6.417e-19,4.92
1.8,16,3,1.984589e-01,1.987013e-01,2.044448e-01,1.03,1.6120,1.6574,2.328e-02,0.31
1.8,24,3,1.464854e-01,1.494915e-01,1.531457e-01,1.05,1.9613,1.9888,2.023e-02,0.44
1.8,32,3,9.517988e-02,1.048850e-01,1.147983e-01,1.21,2.2216,2.2900,1.887e-02,0.59
1.8,48,3,6.224169e-02,6.235902e-02,6.236435e-02,1.00,2.5740,2.5744,1.549e-02,1.06
1.8,64,3,3.540298e-02,3.649166e-02,3.865043e-02,1.09,2.7629,2.7700,1.799e-02,1.88
1.8,96,3,1.148754e-02,1.179152e-02,1.183244e-02,1.03,3.0278,3.0415,1.783e-02,4.51
1.8,128,3,6.408404e-04,6.408404e-04,6.408613e-04,1.00,3.2078,3.2078,1.945e-02,8.11
1.8,144,3,9.405926e-05,9.405926e-05,9.405926e-05,1.00,3.2725,3.2725,1.535e-02,9.98
1.8,160,3,9.405926e-05,9.405926e-05,9.405926e-05,1.00,3.3229,3.3232,1.137e-02,17.33
1.8,176,3,9.405926e-05,9.405926e-05,9.405926e-05,1.00,3.3655,3.3655,8.836e-03,15.41
1.8,192,3,2.486900e-14,7.815970e-14,1.012523e-13,4.07,3.4125,3.4125,6.854e-03,9.67
1.8,256,3,1.065814e-14,7.283063e-14,1.030287e-13,9.67,3.5056,3.5060,2.260e-03,10.18
1.8,384,3,1.598721e-14,1.243450e-13,2.238210e-13,14.00,3.5938,3.5938,1.115e-04,17.10
1.8,512,3,1.971756e-13,2.344791e-13,2.380318e-13,1.21,3.6042,3.6042,8.328e-19,5.63
2.2,16,3,3.595054e-01,3.615509e-01,3.641239e-01,1.01,2.0744,2.1132,2.808e-02,0.32
2.2,24,3,2.638065e-01,2.779773e-01,2.805538e-01,1.06,2.4978,2.5315,1.936e-02,0.45
2.2,32,3,1.638054e-01,1.934523e-01,2.075510e-01,1.27,2.7801,3.1893,1.814e-02,0.60
2.2,48,3,1.140418e-01,1.140431e-01,1.143756e-01,1.00,3.2944,3.2954,9.616e-03,0.72
2.2,64,3,4.857742e-02,4.860361e-02,5.022040e-02,1.03,3.7022,3.7077,7.658e-03,1.43
2.2,96,3,1.245304e-02,1.262911e-02,1.262914e-02,1.01,3.9170,3.9242,7.238e-03,4.06
2.2,128,3,1.540911e-04,1.540911e-04,1.540911e-04,1.00,4.1444,4.1444,4.817e-02,8.71
2.2,144,3,1.540911e-04,1.540911e-04,1.540911e-04,1.00,4.1711,4.1711,3.784e-02,25.16
2.2,160,3,1.540911e-04,1.540911e-04,1.540911e-04,1.00,4.1868,4.1868,3.001e-02,13.87
2.2,176,3,1.540911e-04,1.540911e-04,1.540911e-04,1.00,4.2214,4.2331,2.324e-02,14.17
2.2,192,3,1.540911e-04,1.540911e-04,1.540911e-04,1.00,4.2409,4.2438,1.808e-02,14.10
2.2,256,3,1.243450e-14,4.973799e-14,1.225686e-13,9.86,4.3015,4.3019,6.689e-03,16.16
2.2,384,3,3.552714e-15,1.136868e-13,1.936229e-13,54.50,4.3869,4.3880,3.456e-04,25.43
2.2,512,3,3.552714e-15,1.065814e-14,1.136868e-13,32.00,4.4356,4.4356,9.003e-19,5.72
2.6,16,3,4.813589e-01,4.854706e-01,4.854710e-01,1.01,2.3441,2.3627,2.113e-02,0.32
2.6,24,3,3.566572e-01,3.586931e-01,3.633429e-01,1.02,2.7383,2.7914,1.753e-02,0.45
2.6,32,3,2.552071e-02,2.609454e-01,2.640959e-01,10.35,3.0371,3.2078,1.807e-02,0.62
2.6,48,3,1.625612e-02,1.929806e-02,3.091985e-02,1.90,3.0820,3.7403,1.218e-04,1.64
2.6,64,3,1.369598e-02,1.716281e-02,3.271056e-02,2.39,3.4768,4.0193,3.001e-03,1.31
2.6,96,3,1.036059e-02,1.201842e-02,1.204676e-02,1.16,3.6623,3.9267,6.163e-04,12.13
2.6,128,3,1.010928e-04,1.010928e-04,1.010928e-04,1.00,4.5187,4.5187,5.112e-02,19.51
2.6,144,3,1.010928e-04,1.010928e-04,1.010928e-04,1.00,4.5891,4.5914,4.039e-02,15.78
2.6,160,3,1.010928e-04,1.010928e-04,1.010928e-04,1.00,4.6108,4.6108,3.277e-02,21.20
2.6,176,3,1.010928e-04,1.010928e-04,1.010928e-04,1.00,4.5983,4.6018,2.662e-02,17.70
2.6,192,3,1.010928e-04,1.010928e-04,1.010928e-04,1.00,4.5691,4.5745,2.141e-02,14.58
2.6,256,3,5.329071e-15,1.776357e-14,9.414691e-14,17.67,4.5775,4.5775,8.394e-03,21.60
2.6,384,3,3.197442e-14,5.151435e-14,6.750156e-14,2.11,4.6068,4.6073,3.725e-04,37.79
2.6,512,3,1.225686e-13,1.687539e-13,2.007283e-13,1.64,4.6596,4.6596,1.157e-18,6.56
3,16,3,7.736241e-03,3.547321e-01,4.539783e-01,58.68,2.7240,3.0543,1.936e-02,0.45
3,24,3,5.225974e-03,9.118233e-03,2.319856e-01,44.39,3.0789,3.4251,2.465e-03,0.60
3,32,3,4.326179e-03,4.704423e-03,1.011389e-02,2.34,3.0766,3.5380,1.769e-04,0.91
3,48,3,3.465367e-03,4.228003e-03,4.673416e-03,1.35,3.1258,3.4317,2.544e-04,1.47
3,64,3,3.175630e-03,3.956452e-03,4.036552e-03,1.27,3.1533,3.4723,2.262e-05,3.41
3,96,3,2.707008e-03,2.766570e-03,2.918665e-03,1.08,3.6054,3.9762,1.388e-04,19.28
3,128,3,3.431795e-05,3.431795e-05,3.431795e-05,1.00,4.6911,4.6911,4.200e-02,30.66
3,144,3,3.431795e-05,3.431795e-05,3.431795e-05,1.00,4.6891,4.6891,3.301e-02,32.12
3,160,3,3.431795e-05,3.431795e-05,3.431795e-05,1.00,4.7087,4.7087,2.652e-02,32.32
3,176,3,3.431795e-05,3.431795e-05,3.431795e-05,1.00,4.7836,4.7847,2.190e-02,32.90
3,192,3,3.431795e-05,3.431795e-05,3.431795e-05,1.00,4.8116,4.8141,1.812e-02,33.41
3,256,3,3.431795e-05,3.431795e-05,3.431795e-05,1.00,4.8382,4.8382,7.302e-03,40.48
3,384,3,3.694822e-13,4.050094e-13,5.009326e-13,1.36,4.5663,4.5663,2.539e-04,56.58
3,512,3,8.881784e-15,2.380318e-13,8.171241e-13,92.00,4.6706,4.6706,1.015e-18,7.07

R_angstrom,chi_star_to_1e-9_Ha,precliff_exponent_a,r_squared
1,384,4.391,0.9517
1.4,192,3.301,0.9250
1.8,192,3.537,0.8519
2.2,256,3.798,0.8821
2.6,256,4.020,0.9149
3,384,3.294,0.8787
