R_angstrom,method,status,e_total_hartree,error_vs_fci_hartree,walltime_seconds
0.8,RHF,converged,-5.165583770816,1.179687e-01,0.24
0.8,MP2,converged,-5.248944272600,3.460818e-02,0.28
0.8,CCSD,converged,-5.282278655523,1.273796e-03,0.44
0.8,CCSD(T),converged,-5.283348547064,2.039048e-04,0.45
0.8,FCI,converged,-5.283552451824,0.000000e+00,1.13
0.8,DMRG(chi=64),converged,-5.283487447579,6.500424e-05,1.08
0.8,DMRG(chi=128),converged,-5.283550572436,1.879388e-06,2.77
0.8,DMRG(chi=256),converged,-5.283552424239,2.758479e-08,4.33
0.8,DMRG(chi=500),converged,-5.283552451824,-3.552714e-14,4.77
1,RHF,converged,-5.214068803029,1.658859e-01,0.07
1,MP2,converged,-5.320788597615,5.916615e-02,0.07
1,CCSD,converged,-5.377974428799,1.980317e-03,0.14
1,CCSD(T),converged,-5.379812711264,1.420348e-04,0.15
1,FCI,converged,-5.379954746083,0.000000e+00,0.66
1,DMRG(chi=64),converged,-5.379618594034,3.361520e-04,1.23
1,DMRG(chi=128),converged,-5.379947084572,7.661512e-06,3.05
1,DMRG(chi=256),converged,-5.379954604195,1.418890e-07,5.00
1,DMRG(chi=500),converged,-5.379954746084,-2.842171e-14,4.96
1.2,RHF,converged,-5.015986456447,2.367219e-01,0.07
1.2,MP2,converged,-5.154209139525,9.849919e-02,0.07
1.2,CCSD,converged,-5.250681079211,2.027255e-03,0.15
1.2,CCSD(T),converged,-5.253940488894,-1.232154e-03,0.15
1.2,FCI,converged,-5.252708334428,0.000000e+00,0.89
1.2,DMRG(chi=64),converged,-5.251087344871,1.620990e-03,1.40
1.2,DMRG(chi=128),converged,-5.252667157433,4.117699e-05,3.69
1.2,DMRG(chi=256),converged,-5.252708334428,-4.920508e-13,3.87
1.2,DMRG(chi=500),converged,-5.252708334428,-1.403322e-13,5.15
1.4,RHF,converged,-4.738733521338,3.383799e-01,0.07
1.4,MP2,converged,-4.919764603058,1.573488e-01,0.07
1.4,CCSD,converged,-5.081324726408,-4.211274e-03,0.18
1.4,CCSD(T),converged,-5.087184324567,-1.007087e-02,0.18
1.4,FCI,converged,-5.077113452209,0.000000e+00,1.16
1.4,DMRG(chi=64),converged,-5.070627996265,6.485456e-03,1.62
1.4,DMRG(chi=128),converged,-5.076865335264,2.481169e-04,4.52
1.4,DMRG(chi=256),converged,-5.077113452209,-8.526513e-14,7.35
1.4,DMRG(chi=500),converged,-5.077113452210,-2.611245e-13,5.25
1.6,RHF,converged,-4.452040812413,4.716099e-01,0.07
1.6,MP2,converged,-4.689711009961,2.339397e-01,0.07
1.6,CCSD,converged,-5.170025259981,-2.463746e-01,0.29
1.6,CCSD(T),converged,-5.188042927721,-2.643923e-01,0.29
1.6,FCI,converged,-4.923650662495,0.000000e+00,1.53
1.6,DMRG(chi=64),converged,-4.903538937153,2.011173e-02,1.88
1.6,DMRG(chi=128),converged,-4.922701007085,9.496554e-04,5.97
1.6,DMRG(chi=256),converged,-4.923650662495,-2.309264e-14,9.45
1.6,DMRG(chi=500),converged,-4.923650662495,-2.984279e-13,5.76
1.8,RHF,converged,-4.186463208930,6.277976e-01,0.07
1.8,MP2,converged,-4.496944406009,3.173164e-01,0.07
1.8,CCSD,not_converged,-4.971933908781,-1.576731e-01,1.17
1.8,CCSD(T),not_converged,-5.029794129228,-2.155334e-01,1.17
1.8,FCI,converged,-4.814260776532,0.000000e+00,3.05
1.8,DMRG(chi=64),converged,-4.774533283265,3.972749e-02,1.95
1.8,DMRG(chi=128),converged,-4.813619921422,6.408551e-04,8.19
1.8,DMRG(chi=256),converged,-4.814260776532,-3.019807e-14,11.88
1.8,DMRG(chi=500),converged,-4.814260776532,-2.398082e-13,5.92
2,RHF,converged,-3.954499940085,7.917364e-01,0.07
2,MP2,converged,-4.355805533825,3.904308e-01,0.07
2,CCSD,converged,-4.853507840869,-1.072715e-01,0.54
2,CCSD(T),converged,-4.886402639338,-1.401663e-01,0.55
2,FCI,converged,-4.746236340622,0.000000e+00,3.62
2,DMRG(chi=64),converged,-4.698784955522,4.745139e-02,1.54
2,DMRG(chi=128),converged,-4.746098970613,1.373700e-04,7.81
2,DMRG(chi=256),converged,-4.746236340622,1.598721e-14,13.96
2,DMRG(chi=500),converged,-4.746236340622,-2.575717e-13,6.13
2.2,RHF,converged,-3.759334945196,9.483798e-01,0.08
2.2,MP2,converged,-4.270288087881,4.374267e-01,0.08
2.2,CCSD,converged,-4.859061587694,-1.513468e-01,0.62
2.2,CCSD(T),converged,-4.894291588982,-1.865768e-01,0.62
2.2,FCI,converged,-4.707714760717,0.000000e+00,4.41
2.2,DMRG(chi=64),converged,-4.659122449806,4.859231e-02,1.47
2.2,DMRG(chi=128),converged,-4.707560669605,1.540911e-04,12.60
2.2,DMRG(chi=256),converged,-4.707714760717,-1.296740e-13,16.48
2.2,DMRG(chi=500),converged,-4.707714760717,-2.131628e-14,6.46
2.4,RHF,converged,-3.599138280527,1.087975e+00,0.07
2.4,MP2,converged,-4.237967148327,4.491464e-01,0.07
2.4,CCSD,converged,-4.868403208726,-1.812897e-01,0.81
2.4,CCSD(T),converged,-4.904831328869,-2.177178e-01,0.82
2.4,FCI,converged,-4.687113558393,0.000000e+00,5.71
2.4,DMRG(chi=64),converged,-4.645753966946,4.135959e-02,1.44
2.4,DMRG(chi=128),converged,-4.686975844031,1.377144e-04,15.80
2.4,DMRG(chi=256),converged,-4.687113558393,-7.993606e-14,11.89
2.4,DMRG(chi=500),converged,-4.687113558393,-6.039613e-14,6.05
2.6,RHF,converged,-3.469812019127,1.206626e+00,0.07
2.6,MP2,converged,-4.252591815416,4.238458e-01,0.07
2.6,CCSD,converged,-4.865667449132,-1.892298e-01,1.08
2.6,CCSD(T),converged,-4.900457771105,-2.240201e-01,1.08
2.6,FCI,converged,-4.676437626566,0.000000e+00,5.68
2.6,DMRG(chi=64),converged,-4.659653279335,1.678435e-02,3.11
2.6,DMRG(chi=128),converged,-4.676336533739,1.010928e-04,16.21
2.6,DMRG(chi=256),converged,-4.676437626567,-4.618528e-13,22.14
2.6,DMRG(chi=500),converged,-4.676437626566,-7.105427e-14,7.00
2.8,RHF,converged,-3.366669792744,1.304341e+00,0.08
2.8,MP2,converged,-4.305840458787,3.651701e-01,0.08
2.8,CCSD,not_converged,-4.852278437828,-1.812679e-01,1.17
2.8,CCSD(T),not_converged,-4.882922453336,-2.119119e-01,1.18
2.8,FCI,converged,-4.671010559432,0.000000e+00,6.23
2.8,DMRG(chi=64),converged,-4.662895635413,8.114924e-03,2.81
2.8,DMRG(chi=128),converged,-4.670947815386,6.274405e-05,17.07
2.8,DMRG(chi=256),converged,-4.670947815387,6.274404e-05,31.12
2.8,DMRG(chi=500),converged,-4.671010559432,-6.377121e-13,7.27
3,RHF,converged,-3.285185889131,1.383115e+00,0.07
3,MP2,converged,-4.388526061303,2.797744e-01,0.08
3,CCSD,not_converged,-4.853666244103,-1.853658e-01,1.18
3,CCSD(T),not_converged,-4.874511597683,-2.062111e-01,1.18
3,FCI,converged,-4.668300453984,0.000000e+00,7.80
3,DMRG(chi=64),converged,-4.664263901897,4.036552e-03,4.28
3,DMRG(chi=128),converged,-4.668266136036,3.431795e-05,31.54
3,DMRG(chi=256),converged,-4.668266136036,3.431795e-05,23.14
3,DMRG(chi=500),converged,-4.668300453985,-1.202594e-12,7.36
3.2,RHF,converged,-3.221212984928,1.445763e+00,0.08
3.2,MP2,converged,-4.491714034455,1.752619e-01,0.08
3.2,CCSD,not_converged,-4.698651421489,-3.167549e-02,1.18
3.2,CCSD(T),not_converged,-4.724744717157,-5.776879e-02,1.18
3.2,FCI,converged,-4.666975929733,0.000000e+00,8.24
3.2,DMRG(chi=64),converged,-4.665209449388,1.766480e-03,3.33
3.2,DMRG(chi=128),converged,-4.666958635779,1.729395e-05,38.35
3.2,DMRG(chi=256),converged,-4.666975929735,-2.266631e-12,24.91
3.2,DMRG(chi=500),converged,-4.666975929735,-2.123635e-12,7.49
3.4,RHF,converged,-3.171053009405,1.495292e+00,0.08
3.4,MP2,converged,-4.607799066702,5.854568e-02,0.08
3.4,CCSD,not_converged,-5.548386099078,-8.820413e-01,1.17
3.4,CCSD(T),not_converged,-5.599245128635,-9.329004e-01,1.18
3.4,FCI,converged,-4.666344749253,0.000000e+00,9.07
3.4,DMRG(chi=64),converged,-4.665569111086,7.756382e-04,3.04
3.4,DMRG(chi=128),converged,-4.666336470235,8.279018e-06,48.81
3.4,DMRG(chi=256),converged,-4.666344749256,-2.708944e-12,30.59
3.4,DMRG(chi=500),converged,-4.666344749255,-1.659117e-12,8.10
