split_kind,model,n_train,n_runs,mae_hartree_median,rmse_hartree_median,mae_kcal_per_mol_median,mae_kcal_per_mol_min,mae_kcal_per_mol_max,max_abs_kcal_per_mol_median
"blocked-R=1,1.2",constant,8,1,7.286517e-01,7.363143e-01,457.2358,457.2358,457.2358,546.6874
"blocked-R=1,1.2",constant,12,1,7.383355e-01,7.458986e-01,463.3125,463.3125,463.3125,552.7641
"blocked-R=1,1.2",constant,16,1,6.499857e-01,6.585642e-01,407.8722,407.8722,407.8722,497.3237
"blocked-R=1,1.2",constant,24,1,7.013306e-01,7.092885e-01,440.0916,440.0916,440.0916,529.5432
"blocked-R=1,1.2",constant,32,1,6.652147e-01,6.735993e-01,417.4285,417.4285,417.4285,506.8801
"blocked-R=1,1.2",constant,40,1,6.423556e-01,6.510347e-01,403.0843,403.0843,403.0843,492.5358
"blocked-R=1,1.2",constant,50,1,6.161638e-01,6.252066e-01,386.6486,386.6486,386.6486,476.1002
"blocked-R=1,1.2",constant,62,1,6.467924e-01,6.554127e-01,405.8683,405.8683,405.8683,495.3199
"blocked-R=1,1.2",spline,8,1,3.867941e-01,4.737134e-01,242.7169,242.7169,242.7169,536.2878
"blocked-R=1,1.2",spline,12,1,2.898745e-01,3.898331e-01,181.8990,181.8990,181.8990,467.3171
"blocked-R=1,1.2",spline,16,1,1.021771e-01,1.148662e-01,64.1171,64.1171,64.1171,122.0872
"blocked-R=1,1.2",spline,24,1,1.287321e-01,1.756929e-01,80.7806,80.7806,80.7806,251.5423
"blocked-R=1,1.2",spline,32,1,2.017167e-01,2.674767e-01,126.5792,126.5792,126.5792,436.3536
"blocked-R=1,1.2",spline,40,1,2.206848e-01,3.052559e-01,138.4818,138.4818,138.4818,537.9269
"blocked-R=1,1.2",spline,50,1,1.549314e-01,1.877464e-01,97.2209,97.2209,97.2209,214.6853
"blocked-R=1,1.2",spline,62,1,1.180331e-01,1.446026e-01,74.0669,74.0669,74.0669,156.8366
"blocked-R=1,1.2",mlp_direct,8,3,2.637683e-01,3.012299e-01,165.5171,156.2588,177.1846,335.7423
"blocked-R=1,1.2",mlp_direct,12,3,3.401529e-01,4.030299e-01,213.4492,185.2072,219.6989,424.6501
"blocked-R=1,1.2",mlp_direct,16,3,9.647608e-02,1.316391e-01,60.5397,59.0605,109.3240,181.4259
"blocked-R=1,1.2",mlp_direct,24,3,1.801484e-01,1.965186e-01,113.0448,73.0342,142.6539,201.4342
"blocked-R=1,1.2",mlp_direct,32,3,1.119292e-01,1.297584e-01,70.2366,64.2201,84.9014,149.8043
"blocked-R=1,1.2",mlp_direct,40,3,3.774001e-02,4.949771e-02,23.6822,13.1887,48.4556,61.7910
"blocked-R=1,1.2",mlp_direct,50,3,2.287917e-02,3.703881e-02,14.3569,11.3536,15.6439,57.5377
"blocked-R=1,1.2",mlp_direct,62,3,1.988370e-02,3.260955e-02,12.4772,12.4592,16.8952,57.9335
"blocked-R=1,1.2",mlp_delta,8,3,1.192301e-01,1.305072e-01,74.8180,48.9737,75.7358,126.2979
"blocked-R=1,1.2",mlp_delta,12,3,4.463964e-02,5.755789e-02,28.0118,25.9869,32.5222,53.7567
"blocked-R=1,1.2",mlp_delta,16,3,5.153087e-02,6.430094e-02,32.3361,29.4392,43.3123,74.4796
"blocked-R=1,1.2",mlp_delta,24,3,1.618560e-02,1.943910e-02,10.1566,5.2810,12.3394,21.6436
"blocked-R=1,1.2",mlp_delta,32,3,7.646374e-03,9.328749e-03,4.7982,4.5492,7.3197,12.9870
"blocked-R=1,1.2",mlp_delta,40,3,5.308613e-03,6.689043e-03,3.3312,2.7187,4.6356,9.2056
"blocked-R=1,1.2",mlp_delta,50,3,4.913080e-03,6.399150e-03,3.0830,1.9858,3.7506,8.5155
"blocked-R=1,1.2",mlp_delta,62,3,3.095186e-03,4.285531e-03,1.9423,1.5796,2.4390,6.7506
"blocked-R=1.8,2",constant,8,1,2.677346e-01,2.960946e-01,168.0060,168.0060,168.0060,324.7820
"blocked-R=1.8,2",constant,12,1,1.874359e-01,2.261027e-01,117.6178,117.6178,117.6178,274.3939
"blocked-R=1.8,2",constant,16,1,1.275731e-01,1.578068e-01,80.0533,80.0533,80.0533,216.0177
"blocked-R=1.8,2",constant,24,1,1.343188e-01,1.676982e-01,84.2863,84.2863,84.2863,225.8947
"blocked-R=1.8,2",constant,32,1,1.246365e-01,1.538056e-01,78.2106,78.2106,78.2106,211.7180
"blocked-R=1.8,2",constant,40,1,1.245149e-01,1.536443e-01,78.1343,78.1343,78.1343,211.5399
"blocked-R=1.8,2",constant,50,1,1.315388e-01,1.635109e-01,82.5419,82.5419,82.5419,221.8243
"blocked-R=1.8,2",constant,62,1,1.303151e-01,1.617158e-01,81.7740,81.7740,81.7740,220.0326
"blocked-R=1.8,2",spline,8,1,7.028987e-02,7.893684e-02,44.1076,44.1076,44.1076,76.5399
"blocked-R=1.8,2",spline,12,1,4.764762e-02,6.464385e-02,29.8993,29.8993,29.8993,92.7117
"blocked-R=1.8,2",spline,16,1,6.236528e-02,7.281342e-02,39.1348,39.1348,39.1348,110.2016
"blocked-R=1.8,2",spline,24,1,6.507872e-02,6.877200e-02,40.8375,40.8375,40.8375,68.8733
"blocked-R=1.8,2",spline,32,1,2.281047e-02,3.043971e-02,14.3138,14.3138,14.3138,45.1583
"blocked-R=1.8,2",spline,40,1,8.565978e-03,1.184441e-02,5.3752,5.3752,5.3752,19.0118
"blocked-R=1.8,2",spline,50,1,1.034164e-02,1.280755e-02,6.4895,6.4895,6.4895,18.6411
"blocked-R=1.8,2",spline,62,1,6.136663e-03,6.491889e-03,3.8508,3.8508,3.8508,6.4442
"blocked-R=1.8,2",mlp_direct,8,3,4.870636e-02,5.806603e-02,30.5637,29.0159,32.6756,69.9495
"blocked-R=1.8,2",mlp_direct,12,3,1.416382e-02,1.910683e-02,8.8879,8.5329,13.1341,27.2722
"blocked-R=1.8,2",mlp_direct,16,3,1.623920e-02,2.299594e-02,10.1903,9.4409,10.9803,39.8374
"blocked-R=1.8,2",mlp_direct,24,3,1.522122e-02,2.133273e-02,9.5515,7.2828,13.1982,31.7523
"blocked-R=1.8,2",mlp_direct,32,3,8.357807e-03,1.076086e-02,5.2446,4.7883,6.0791,17.8352
"blocked-R=1.8,2",mlp_direct,40,3,5.161384e-03,7.638321e-03,3.2388,2.9520,6.3386,15.1918
"blocked-R=1.8,2",mlp_direct,50,3,2.154552e-03,3.040855e-03,1.3520,0.9729,1.6444,3.7810
"blocked-R=1.8,2",mlp_direct,62,3,4.108970e-04,5.136092e-04,0.2578,0.2009,0.5215,0.7454
"blocked-R=1.8,2",mlp_delta,8,3,3.527623e-02,3.657373e-02,22.1362,14.9695,26.9428,34.4271
"blocked-R=1.8,2",mlp_delta,12,3,1.295923e-02,1.488891e-02,8.1320,7.7030,8.3614,15.1606
"blocked-R=1.8,2",mlp_delta,16,3,1.383455e-02,1.720115e-02,8.6813,6.2066,8.7738,23.0462
"blocked-R=1.8,2",mlp_delta,24,3,8.528252e-03,1.000465e-02,5.3516,3.9611,5.4970,13.4160
"blocked-R=1.8,2",mlp_delta,32,3,1.820101e-03,2.345242e-03,1.1421,0.8221,1.2115,3.7482
"blocked-R=1.8,2",mlp_delta,40,3,8.035412e-04,1.018594e-03,0.5042,0.3782,0.5430,1.5539
"blocked-R=1.8,2",mlp_delta,50,3,3.663265e-04,4.569790e-04,0.2299,0.2143,0.2952,0.7161
"blocked-R=1.8,2",mlp_delta,62,3,3.578013e-04,4.037907e-04,0.2245,0.1849,0.2362,0.4572
"blocked-R=2.8,3",constant,8,1,7.339617e-01,7.374060e-01,460.5679,460.5679,460.5679,524.8657
"blocked-R=2.8,3",constant,12,1,6.087032e-01,6.128520e-01,381.9670,381.9670,381.9670,446.2648
"blocked-R=2.8,3",constant,16,1,6.378108e-01,6.417714e-01,400.2323,400.2323,400.2323,464.5301
"blocked-R=2.8,3",constant,24,1,6.716382e-01,6.754005e-01,421.4594,421.4594,421.4594,485.7572
"blocked-R=2.8,3",constant,32,1,6.705825e-01,6.743506e-01,420.7968,420.7968,420.7968,485.0947
"blocked-R=2.8,3",constant,40,1,6.803200e-01,6.840346e-01,426.9073,426.9073,426.9073,491.2051
"blocked-R=2.8,3",constant,50,1,6.703983e-01,6.741675e-01,420.6813,420.6813,420.6813,484.9791
"blocked-R=2.8,3",constant,62,1,6.842748e-01,6.879680e-01,429.3889,429.3889,429.3889,493.6868
"blocked-R=2.8,3",spline,8,1,2.941584e-01,3.082997e-01,184.5872,184.5872,184.5872,289.3054
"blocked-R=2.8,3",spline,12,1,4.194629e-02,4.520563e-02,26.3217,26.3217,26.3217,46.5992
"blocked-R=2.8,3",spline,16,1,2.103673e-02,2.452036e-02,13.2007,13.2007,13.2007,27.8789
"blocked-R=2.8,3",spline,24,1,1.806236e-01,2.168530e-01,113.3430,113.3430,113.3430,312.5818
"blocked-R=2.8,3",spline,32,1,1.901911e-01,2.619749e-01,119.3467,119.3467,119.3467,470.2354
"blocked-R=2.8,3",spline,40,1,7.143809e-02,8.366440e-02,44.8281,44.8281,44.8281,105.2873
"blocked-R=2.8,3",spline,50,1,6.461374e-02,7.372360e-02,40.5457,40.5457,40.5457,69.6679
"blocked-R=2.8,3",spline,62,1,1.855861e-02,2.215078e-02,11.6457,11.6457,11.6457,24.5441
"blocked-R=2.8,3",mlp_direct,8,3,3.679613e-02,5.006535e-02,23.0899,13.1657,24.7530,65.0356
"blocked-R=2.8,3",mlp_direct,12,3,2.278471e-02,3.276905e-02,14.2976,11.6387,16.8755,41.7357
"blocked-R=2.8,3",mlp_direct,16,3,1.836179e-02,2.431721e-02,11.5222,7.7715,11.9331,26.4912
"blocked-R=2.8,3",mlp_direct,24,3,6.363391e-03,8.060667e-03,3.9931,2.7283,4.6619,8.2548
"blocked-R=2.8,3",mlp_direct,32,3,3.483722e-03,4.483043e-03,2.1861,1.9374,2.5737,5.5435
"blocked-R=2.8,3",mlp_direct,40,3,2.061554e-03,2.871439e-03,1.2936,0.2806,1.7065,4.2120
"blocked-R=2.8,3",mlp_direct,50,3,5.462816e-04,7.628093e-04,0.3428,0.3337,0.4928,1.2835
"blocked-R=2.8,3",mlp_direct,62,3,5.186179e-04,6.404754e-04,0.3254,0.1754,0.3495,0.9053
"blocked-R=2.8,3",mlp_delta,8,3,5.898865e-02,6.942502e-02,37.0159,33.2806,46.6668,75.7968
"blocked-R=2.8,3",mlp_delta,12,3,2.431258e-02,3.243358e-02,15.2564,15.1817,16.9585,35.8462
"blocked-R=2.8,3",mlp_delta,16,3,1.519559e-02,1.866584e-02,9.5354,8.6322,17.9481,23.2703
"blocked-R=2.8,3",mlp_delta,24,3,1.071005e-02,1.296758e-02,6.7207,3.9681,11.6328,16.7559
"blocked-R=2.8,3",mlp_delta,32,3,1.233399e-02,1.423322e-02,7.7397,7.7278,7.8617,17.8148
"blocked-R=2.8,3",mlp_delta,40,3,5.762350e-03,7.937678e-03,3.6159,2.5241,6.4378,13.2347
"blocked-R=2.8,3",mlp_delta,50,3,5.642222e-03,7.512496e-03,3.5405,1.6152,5.4455,11.7718
"blocked-R=2.8,3",mlp_delta,62,3,6.738477e-03,8.005586e-03,4.2285,1.5984,4.6408,8.6172
random,constant,8,5,3.583999e-01,4.144534e-01,224.8993,209.4095,299.2628,468.6050
random,constant,12,5,3.624304e-01,4.160021e-01,227.4285,209.6434,284.0281,464.2829
random,constant,16,5,3.590459e-01,4.024599e-01,225.3047,210.5016,281.1821,421.5941
random,constant,24,5,3.613344e-01,4.027800e-01,226.7407,210.1928,279.3051,410.6667
random,constant,32,5,3.661245e-01,4.127960e-01,229.7466,209.5388,279.4203,411.5275
random,constant,40,5,3.646744e-01,4.084579e-01,228.8366,209.2766,279.5953,408.9025
random,constant,50,5,3.624030e-01,4.039299e-01,227.4113,211.7068,280.3697,413.2457
random,constant,62,5,3.614656e-01,4.028871e-01,226.8231,210.2906,280.8201,411.9021
random,spline,8,5,1.638807e-01,2.190964e-01,102.8367,65.9781,123.6316,378.3541
random,spline,12,5,5.818966e-02,9.046388e-02,36.5146,28.0791,53.5619,152.6921
random,spline,16,5,6.347617e-02,9.907863e-02,39.8319,29.1210,61.4713,129.2705
random,spline,24,5,4.883374e-02,6.912338e-02,30.6436,22.9530,36.5059,93.6456
random,spline,32,5,4.732283e-02,6.979469e-02,29.6955,20.8983,45.3441,107.6884
random,spline,40,5,2.407091e-02,4.037469e-02,15.1047,13.4315,23.7693,77.1233
random,spline,50,5,1.983061e-02,3.617891e-02,12.4439,11.1123,15.8052,62.7282
random,spline,62,5,6.969701e-03,9.766430e-03,4.3736,2.1464,6.3337,14.8204
random,mlp_direct,8,15,4.162541e-02,6.704027e-02,26.1203,19.3436,41.0959,117.6977
random,mlp_direct,12,15,3.239026e-02,5.099090e-02,20.3252,13.4255,33.7890,85.3604
random,mlp_direct,16,15,2.982511e-02,5.175839e-02,18.7155,10.4551,25.9465,65.9434
random,mlp_direct,24,15,1.615300e-02,2.679428e-02,10.1362,5.0724,16.0601,42.4830
random,mlp_direct,32,15,1.201008e-02,2.151343e-02,7.5364,5.5141,14.5074,36.9997
random,mlp_direct,40,15,6.892460e-03,1.474167e-02,4.3251,2.8845,7.2776,30.7563
random,mlp_direct,50,15,4.387079e-03,9.859069e-03,2.7529,0.9868,5.0681,22.4369
random,mlp_direct,62,15,2.888159e-03,5.646703e-03,1.8123,0.1726,3.8764,10.9151
random,mlp_delta,8,15,4.165850e-02,5.989061e-02,26.1411,12.0523,45.1364,110.7358
random,mlp_delta,12,15,2.189168e-02,2.940518e-02,13.7372,8.2241,20.1343,48.5767
random,mlp_delta,16,15,1.509899e-02,1.994696e-02,9.4748,7.3349,18.6850,29.2306
random,mlp_delta,24,15,5.207284e-03,7.586451e-03,3.2676,2.0053,8.7684,14.4154
random,mlp_delta,32,15,2.800209e-03,4.237118e-03,1.7572,0.9065,4.9836,7.2110
random,mlp_delta,40,15,1.553517e-03,2.881756e-03,0.9748,0.4696,1.6544,4.2024
random,mlp_delta,50,15,1.128596e-03,1.751008e-03,0.7082,0.1803,2.6041,3.0417
random,mlp_delta,62,15,4.927781e-04,7.859572e-04,0.3092,0.1578,1.1249,1.6594
