basis,bond_length_angstrom,active_orbitals,n_determinants,e_exact_hartree,exact_walltime_s,davidson_max_space,chi_star_canonical,chi_star_walltime_s_canonical,best_error_canonical,s_max_canonical,chi_star_fiedler,chi_star_walltime_s_fiedler,best_error_fiedler,s_max_fiedler
cc-pvdz,1.098,8,3136,-109.03440703119475,0.3826287839910947,200,250,0.6103520270553418,0.0,0.3275756406809544,250,0.38500688603380695,-2.842170943040401e-14,0.2951105444016739
cc-pvdz,1.098,12,627264,-109.07656291435617,2.5801448350248393,200,1000,56.229731040017214,-1.1084466677857563e-12,0.4342920092582907,250,6.354787211981602,1.5631940186722204e-13,0.3934697726436122
cc-pvdz,1.098,16,19079424,-109.17114917954346,92.35122511303052,16,,,9.779116467711901e-06,0.6112028356601094,1000,434.2047115190071,1.5162981981120538e-11,0.515313691571884
cc-pvdz,1.6,8,3136,-108.85298525628266,0.08890720800263807,200,250,0.5056773510295898,-4.263256414560601e-14,1.1273786708600164,250,0.47676685301121324,-4.263256414560601e-14,0.7768558186914208
cc-pvdz,1.6,12,627264,-108.9081649175462,4.828231762017822,200,1000,65.15685475099599,-4.405364961712621e-13,1.2821244042027558,250,7.50931578502059,-1.2789769243681803e-13,1.0753141177123555
cc-pvdz,1.6,16,19079424,-108.9751246263738,176.2032201969414,16,,,2.2354362954501994e-05,1.4324490809898958,1000,635.6181521750404,3.383604507689597e-11,1.220519883165976
cc-pvdz,2.4,8,3136,-108.741485807536,0.11942578095477074,200,250,0.514233099995181,-4.263256414560601e-14,2.8820183446259207,250,0.4486952619627118,-4.263256414560601e-14,2.418851548291793
cc-pvdz,2.4,12,627264,-108.78832948398787,11.498485115007497,200,1000,79.40354791999562,-8.242295734817162e-13,3.02529444639459,250,9.660264941048808,-1.4210854715202004e-13,2.4600252262951567
cc-pvdz,2.4,16,19079424,-108.85560809779936,499.6386979179806,16,,,1.7664920392235217e-05,3.139999785820967,1000,451.23899322899524,-8.185452315956354e-12,2.579193172845881
